序列号,是否使用,对应版本,售出时间,用户旺旺号
QC59,否,1.0,2025-02-11 00:09:07,用户旺旺号
CY18,否,1.0,2025-02-11 00:09:07,用户旺旺号
MH26,否,1.0,2025-02-11 00:09:07,用户旺旺号
QQ93,否,1.0,2025-02-11 00:09:07,用户旺旺号
XW62,否,1.0,2025-02-11 00:09:07,用户旺旺号
MR28,否,1.0,2025-02-11 00:09:07,用户旺旺号
MX35,否,1.0,2025-02-11 00:09:07,用户旺旺号
MT89,否,1.0,2025-02-11 00:09:07,用户旺旺号
PN37,否,1.0,2025-02-11 00:09:07,用户旺旺号
VB35,否,1.0,2025-02-11 00:09:07,用户旺旺号
NQ90,否,1.0,2025-02-11 00:09:07,用户旺旺号
QR56,否,1.0,2025-02-11 00:09:07,用户旺旺号
QK39,否,1.0,2025-02-11 00:09:07,用户旺旺号
PA30,否,1.0,2025-02-11 00:09:07,用户旺旺号
PO67,否,1.0,2025-02-11 00:09:07,用户旺旺号
PA93,否,1.0,2025-02-11 00:09:07,用户旺旺号
PH38,否,1.0,2025-02-11 00:09:07,用户旺旺号
HG74,否,1.0,2025-02-11 00:09:07,用户旺旺号
NI82,否,1.0,2025-02-11 00:09:07,用户旺旺号
EZ82,否,1.0,2025-02-11 00:09:07,用户旺旺号
MN51,否,1.0,2025-02-11 00:09:07,用户旺旺号
JJ43,否,1.0,2025-02-11 00:09:07,用户旺旺号
YK40,否,1.0,2025-02-11 00:09:07,用户旺旺号
NB61,否,1.0,2025-02-11 00:09:07,用户旺旺号
KO98,否,1.0,2025-02-11 00:09:07,用户旺旺号
WH41,否,1.0,2025-02-11 00:09:07,用户旺旺号
QO53,否,1.0,2025-02-11 00:09:07,用户旺旺号
GP98,否,1.0,2025-02-11 00:09:07,用户旺旺号
LW83,否,1.0,2025-02-11 00:09:07,用户旺旺号
NO97,否,1.0,2025-02-11 00:09:07,用户旺旺号
EJ60,否,1.0,2025-02-11 00:09:07,用户旺旺号
VL49,否,1.0,2025-02-11 00:09:07,用户旺旺号
DN26,否,1.0,2025-02-11 00:09:07,用户旺旺号
GC80,否,1.0,2025-02-11 00:09:07,用户旺旺号
AY34,否,1.0,2025-02-11 00:09:07,用户旺旺号
NB24,否,1.0,2025-02-11 00:09:07,用户旺旺号
EY67,否,1.0,2025-02-11 00:09:07,用户旺旺号
RD53,否,1.0,2025-02-11 00:09:07,用户旺旺号
ZG43,否,1.0,2025-02-11 00:09:07,用户旺旺号
ZV14,否,1.0,2025-02-11 00:09:07,用户旺旺号
YC25,否,1.0,2025-02-11 00:09:07,用户旺旺号
PM00,否,1.0,2025-02-11 00:09:07,用户旺旺号
DV57,否,1.0,2025-02-11 00:09:07,用户旺旺号
CT37,否,1.0,2025-02-11 00:09:07,用户旺旺号
IY39,否,1.0,2025-02-11 00:09:07,用户旺旺号
KD98,否,1.0,2025-02-11 00:09:07,用户旺旺号
JD71,否,1.0,2025-02-11 00:09:07,用户旺旺号
SN37,否,1.0,2025-02-11 00:09:07,用户旺旺号
US17,否,1.0,2025-02-11 00:09:07,用户旺旺号
KJ56,否,1.0,2025-02-11 00:09:07,用户旺旺号
TH14,否,1.0,2025-02-11 00:09:07,用户旺旺号
MU73,否,1.0,2025-02-11 00:09:07,用户旺旺号
NU52,否,1.0,2025-02-11 00:09:07,用户旺旺号
WV48,否,1.0,2025-02-11 00:09:07,用户旺旺号
PR47,否,1.0,2025-02-11 00:09:07,用户旺旺号
BP52,否,1.0,2025-02-11 00:09:07,用户旺旺号
EA74,否,1.0,2025-02-11 00:09:07,用户旺旺号
QT65,否,1.0,2025-02-11 00:09:07,用户旺旺号
DA28,否,1.0,2025-02-11 00:09:07,用户旺旺号
MW47,否,1.0,2025-02-11 00:09:07,用户旺旺号
XB52,否,1.0,2025-02-11 00:09:07,用户旺旺号
EO81,否,1.0,2025-02-11 00:09:07,用户旺旺号
DS55,否,1.0,2025-02-11 00:09:07,用户旺旺号
FI28,否,1.0,2025-02-11 00:09:07,用户旺旺号
BT52,否,1.0,2025-02-11 00:09:07,用户旺旺号
OK97,否,1.0,2025-02-11 00:09:07,用户旺旺号
JT78,否,1.0,2025-02-11 00:09:07,用户旺旺号
AC87,否,1.0,2025-02-11 00:09:07,用户旺旺号
JW29,否,1.0,2025-02-11 00:09:07,用户旺旺号
QU73,否,1.0,2025-02-11 00:09:07,用户旺旺号
DI01,否,1.0,2025-02-11 00:09:07,用户旺旺号
RU89,否,1.0,2025-02-11 00:09:07,用户旺旺号
PY74,否,1.0,2025-02-11 00:09:07,用户旺旺号
OK33,否,1.0,2025-02-11 00:09:07,用户旺旺号
VH89,否,1.0,2025-02-11 00:09:07,用户旺旺号
RW24,否,1.0,2025-02-11 00:09:07,用户旺旺号
NP27,否,1.0,2025-02-11 00:09:07,用户旺旺号
UT14,否,1.0,2025-02-11 00:09:07,用户旺旺号
MY26,否,1.0,2025-02-11 00:09:07,用户旺旺号
YV48,否,1.0,2025-02-11 00:09:07,用户旺旺号
NT83,否,1.0,2025-02-11 00:09:07,用户旺旺号
OZ55,否,1.0,2025-02-11 00:09:07,用户旺旺号
KC64,否,1.0,2025-02-11 00:09:07,用户旺旺号
MT03,否,1.0,2025-02-11 00:09:07,用户旺旺号
WH36,否,1.0,2025-02-11 00:09:07,用户旺旺号
MN71,否,1.0,2025-02-11 00:09:07,用户旺旺号
WT79,否,1.0,2025-02-11 00:09:07,用户旺旺号
EK17,否,1.0,2025-02-11 00:09:07,用户旺旺号
KP84,否,1.0,2025-02-11 00:09:07,用户旺旺号
FN59,否,1.0,2025-02-11 00:09:07,用户旺旺号
JR56,否,1.0,2025-02-11 00:09:07,用户旺旺号
OI72,否,1.0,2025-02-11 00:09:07,用户旺旺号
WK71,否,1.0,2025-02-11 00:09:07,用户旺旺号
MG95,否,1.0,2025-02-11 00:09:07,用户旺旺号
ZT07,否,1.0,2025-02-11 00:09:07,用户旺旺号
HP44,否,1.0,2025-02-11 00:09:07,用户旺旺号
TK37,否,1.0,2025-02-11 00:09:07,用户旺旺号
BX02,否,1.0,2025-02-11 00:09:07,用户旺旺号
ST06,否,1.0,2025-02-11 00:09:07,用户旺旺号
VQ96,否,1.0,2025-02-11 00:09:07,用户旺旺号
LA11,否,1.0,2025-02-11 00:09:07,用户旺旺号
JB74,否,1.0,2025-02-11 00:09:07,用户旺旺号
KG56,否,1.0,2025-02-11 00:09:07,用户旺旺号
RN95,否,1.0,2025-02-11 00:09:07,用户旺旺号
MY78,否,1.0,2025-02-11 00:09:07,用户旺旺号
IW47,否,1.0,2025-02-11 00:09:07,用户旺旺号
GU94,否,1.0,2025-02-11 00:09:07,用户旺旺号
BD14,否,1.0,2025-02-11 00:09:07,用户旺旺号
MD07,否,1.0,2025-02-11 00:09:07,用户旺旺号
EG13,否,1.0,2025-02-11 00:09:07,用户旺旺号
ZE51,否,1.0,2025-02-11 00:09:07,用户旺旺号
UE16,否,1.0,2025-02-11 00:09:07,用户旺旺号
QI25,否,1.0,2025-02-11 00:09:07,用户旺旺号
PF18,否,1.0,2025-02-11 00:09:07,用户旺旺号
OT62,否,1.0,2025-02-11 00:09:07,用户旺旺号
BK99,否,1.0,2025-02-11 00:09:07,用户旺旺号
LR65,否,1.0,2025-02-11 00:09:07,用户旺旺号
VH59,否,1.0,2025-02-11 00:09:07,用户旺旺号
GC74,否,1.0,2025-02-11 00:09:07,用户旺旺号
FW39,否,1.0,2025-02-11 00:09:07,用户旺旺号
FW63,否,1.0,2025-02-11 00:09:07,用户旺旺号
MI36,否,1.0,2025-02-11 00:09:07,用户旺旺号
MJ66,否,1.0,2025-02-11 00:09:07,用户旺旺号
HB95,否,1.0,2025-02-11 00:09:07,用户旺旺号
OG33,否,1.0,2025-02-11 00:09:07,用户旺旺号
BF37,否,1.0,2025-02-11 00:09:07,用户旺旺号
BC58,否,1.0,2025-02-11 00:09:07,用户旺旺号
GX53,否,1.0,2025-02-11 00:09:07,用户旺旺号
TJ32,否,1.0,2025-02-11 00:09:07,用户旺旺号
NT35,否,1.0,2025-02-11 00:09:07,用户旺旺号
NU39,否,1.0,2025-02-11 00:09:07,用户旺旺号
ZY67,否,1.0,2025-02-11 00:09:07,用户旺旺号
KM27,否,1.0,2025-02-11 00:09:07,用户旺旺号
VH18,否,1.0,2025-02-11 00:09:07,用户旺旺号
FE43,否,1.0,2025-02-11 00:09:07,用户旺旺号
RK48,否,1.0,2025-02-11 00:09:07,用户旺旺号
VH34,否,1.0,2025-02-11 00:09:07,用户旺旺号
AU78,否,1.0,2025-02-11 00:09:07,用户旺旺号
FL89,否,1.0,2025-02-11 00:09:07,用户旺旺号
MF28,否,1.0,2025-02-11 00:09:07,用户旺旺号
RG87,否,1.0,2025-02-11 00:09:07,用户旺旺号
AG23,否,1.0,2025-02-11 00:09:07,用户旺旺号
JJ91,否,1.0,2025-02-11 00:09:07,用户旺旺号
BM42,否,1.0,2025-02-11 00:09:07,用户旺旺号
WH71,否,1.0,2025-02-11 00:09:07,用户旺旺号
GK25,否,1.0,2025-02-11 00:09:07,用户旺旺号
YI26,否,1.0,2025-02-11 00:09:07,用户旺旺号
OG03,否,1.0,2025-02-11 00:09:07,用户旺旺号
DD41,否,1.0,2025-02-11 00:09:07,用户旺旺号
KS48,否,1.0,2025-02-11 00:09:07,用户旺旺号
YH20,否,1.0,2025-02-11 00:09:07,用户旺旺号
OT46,否,1.0,2025-02-11 00:09:07,用户旺旺号
BU01,否,1.0,2025-02-11 00:09:07,用户旺旺号
XS40,否,1.0,2025-02-11 00:09:07,用户旺旺号
CV75,否,1.0,2025-02-11 00:09:07,用户旺旺号
FT63,否,1.0,2025-02-11 00:09:07,用户旺旺号
GV80,否,1.0,2025-02-11 00:09:07,用户旺旺号
KV18,否,1.0,2025-02-11 00:09:07,用户旺旺号
UN09,否,1.0,2025-02-11 00:09:07,用户旺旺号
ZS56,否,1.0,2025-02-11 00:09:07,用户旺旺号
QZ70,否,1.0,2025-02-11 00:09:07,用户旺旺号
NT53,否,1.0,2025-02-11 00:09:07,用户旺旺号
PY40,否,1.0,2025-02-11 00:09:07,用户旺旺号
CE43,否,1.0,2025-02-11 00:09:07,用户旺旺号
IG69,否,1.0,2025-02-11 00:09:07,用户旺旺号
SN28,否,1.0,2025-02-11 00:09:07,用户旺旺号
RV49,否,1.0,2025-02-11 00:09:07,用户旺旺号
LT96,否,1.0,2025-02-11 00:09:07,用户旺旺号
AQ93,否,1.0,2025-02-11 00:09:07,用户旺旺号
FB27,否,1.0,2025-02-11 00:09:07,用户旺旺号
ZW90,否,1.0,2025-02-11 00:09:07,用户旺旺号
WW94,否,1.0,2025-02-11 00:09:07,用户旺旺号
ZO14,否,1.0,2025-02-11 00:09:07,用户旺旺号
YV24,否,1.0,2025-02-11 00:09:07,用户旺旺号
CZ02,否,1.0,2025-02-11 00:09:07,用户旺旺号
VX83,否,1.0,2025-02-11 00:09:07,用户旺旺号
BI03,否,1.0,2025-02-11 00:09:07,用户旺旺号
TD77,否,1.0,2025-02-11 00:09:07,用户旺旺号
VD25,否,1.0,2025-02-11 00:09:07,用户旺旺号
KJ80,否,1.0,2025-02-11 00:09:07,用户旺旺号
YI10,否,1.0,2025-02-11 00:09:07,用户旺旺号
RO44,否,1.0,2025-02-11 00:09:07,用户旺旺号
OO31,否,1.0,2025-02-11 00:09:07,用户旺旺号
ZZ09,否,1.0,2025-02-11 00:09:07,用户旺旺号
KW94,否,1.0,2025-02-11 00:09:07,用户旺旺号
EJ62,否,1.0,2025-02-11 00:09:07,用户旺旺号
LO85,否,1.0,2025-02-11 00:09:07,用户旺旺号
FT40,否,1.0,2025-02-11 00:09:07,用户旺旺号
TJ54,否,1.0,2025-02-11 00:09:07,用户旺旺号
AS32,否,1.0,2025-02-11 00:09:07,用户旺旺号
TU26,否,1.0,2025-02-11 00:09:07,用户旺旺号
AM06,否,1.0,2025-02-11 00:09:07,用户旺旺号
BI46,否,1.0,2025-02-11 00:09:07,用户旺旺号
HJ58,否,1.0,2025-02-11 00:09:07,用户旺旺号
QP08,否,1.0,2025-02-11 00:09:07,用户旺旺号
JB04,否,1.0,2025-02-11 00:09:07,用户旺旺号
AV04,否,1.0,2025-02-11 00:09:07,用户旺旺号
PF48,否,1.0,2025-02-11 00:09:07,用户旺旺号
KC10,否,1.0,2025-02-11 00:09:07,用户旺旺号
WJ46,否,1.0,2025-02-11 00:09:07,用户旺旺号
